text,domain
Data Structures Algorithms,Software Engineering
Jenkins GitHub Actions CI CD Git Problem Solving,Cloud / DevOps
Python NumPy SQL Pandas Statistics,Data Science
Architecture System Design,Software Engineering
React CSS HTML JavaScript Problem Solving,Web Development
Tailwind Bootstrap CSS Problem Solving,Web Development
Model Training Optimization Git,AI / Machine Learning
React JavaScript HTML CSS,Web Development
Shell Scripting Linux,Cloud / DevOps
Angular Vue React Git,Web Development
Visualization Tableau PowerBI Data Analysis,Data Science
Inference AI Research,AI / Machine Learning
Regression Python Machine Learning Classification Git,Data Science
Python EDA Seaborn Matplotlib,Data Science
React CSS JavaScript HTML,Web Development
Data Cleaning Pandas Feature Engineering Problem Solving,Data Science
CI CD GitHub Actions Jenkins Problem Solving,Cloud / DevOps
Model Training Optimization,AI / Machine Learning
System Design Architecture,Software Engineering
NLP BERT Transformers Git,AI / Machine Learning
Classification Scikit Learn Clustering Problem Solving,Data Science
Clustering Classification Scikit Learn,Data Science
Model Training Optimization,AI / Machine Learning
Linux Shell Scripting Git Problem Solving,Cloud / DevOps
Matplotlib Seaborn Python EDA,Data Science
PyTorch TensorFlow Deep Learning,AI / Machine Learning
React Angular Vue Git,Web Development
Backend Microservices Git,Software Engineering
CI CD Jenkins GitHub Actions Git Problem Solving,Cloud / DevOps
Bootstrap CSS Tailwind,Web Development
Neural Networks Computer Vision,AI / Machine Learning
Java Spring Boot REST API Git Problem Solving,Software Engineering
Prometheus Monitoring Logging Problem Solving,Cloud / DevOps
Data Analysis PowerBI Tableau Visualization,Data Science
Data Structures Algorithms,Software Engineering
Bootstrap CSS Tailwind Git,Web Development
Vue Angular React Git,Web Development
Transformers BERT NLP,AI / Machine Learning
Bootstrap Tailwind CSS Git,Web Development
Angular Vue React,Web Development
Model Training Optimization,AI / Machine Learning
Python Seaborn Matplotlib EDA Git,Data Science
Data Analysis Visualization PowerBI Tableau,Data Science
Scikit Learn Classification Clustering,Data Science
ES6 DOM JavaScript Git Problem Solving,Web Development
Inference AI Research,AI / Machine Learning
React Angular Vue,Web Development
Spring Boot Java REST API,Software Engineering
Pandas Data Cleaning Feature Engineering Git Problem Solving,Data Science
Clean Code OOP Design Patterns Problem Solving,Software Engineering
Classification Clustering Scikit Learn,Data Science
AI Research Inference,AI / Machine Learning
Optimization Model Training,AI / Machine Learning
Seaborn Python EDA Matplotlib Git,Data Science
Neural Networks Computer Vision Git,AI / Machine Learning
Data Cleaning Pandas Feature Engineering Problem Solving,Data Science
System Design Architecture,Software Engineering
Backend Microservices Git Problem Solving,Software Engineering
Data Analysis Visualization Tableau PowerBI,Data Science
DOM ES6 JavaScript Git,Web Development
DOM ES6 JavaScript,Web Development
Shell Scripting Linux,Cloud / DevOps
GitHub Actions CI CD Jenkins,Cloud / DevOps
EDA Python Matplotlib Seaborn Problem Solving,Data Science
JavaScript DOM ES6 Git,Web Development
Visualization PowerBI Tableau Data Analysis,Data Science
Computer Vision Neural Networks,AI / Machine Learning
Jenkins GitHub Actions CI CD,Cloud / DevOps
Inference AI Research Git,AI / Machine Learning
PowerBI Visualization Tableau Data Analysis Problem Solving,Data Science
Deep Learning TensorFlow PyTorch Git,AI / Machine Learning
JavaScript React HTML CSS,Web Development
Tableau Visualization PowerBI Data Analysis Problem Solving,Data Science
SQL Pandas NumPy Python Statistics,Data Science
Computer Vision Neural Networks,AI / Machine Learning
Terraform Infrastructure as Code,Cloud / DevOps
System Design Architecture Problem Solving,Software Engineering
Transformers NLP BERT,AI / Machine Learning
Clean Code Design Patterns OOP Git,Software Engineering
Shell Scripting Linux Git,Cloud / DevOps
Pandas Data Cleaning Feature Engineering Problem Solving,Data Science
Machine Learning Python Classification Regression,Data Science
Algorithms Data Structures Git,Software Engineering
Shell Scripting Linux Git,Cloud / DevOps
Infrastructure as Code Terraform,Cloud / DevOps
Tableau PowerBI Visualization Data Analysis Git,Data Science
Docker Kubernetes AWS,Cloud / DevOps
Infrastructure as Code Terraform Git Problem Solving,Cloud / DevOps
Vue React Angular Git Problem Solving,Web Development
DOM ES6 JavaScript Git,Web Development
Spring Boot Java REST API Problem Solving,Software Engineering
TensorFlow PyTorch Deep Learning Git,AI / Machine Learning
Bootstrap Tailwind CSS,Web Development
Design Patterns OOP Clean Code Problem Solving,Software Engineering
Algorithms Data Structures Git,Software Engineering
Logging Monitoring Prometheus Git,Cloud / DevOps
Model Training Optimization Problem Solving,AI / Machine Learning
Optimization Model Training Git,AI / Machine Learning
Algorithms Data Structures Problem Solving,Software Engineering
EDA Seaborn Python Matplotlib Git,Data Science
CI CD Jenkins GitHub Actions,Cloud / DevOps
DOM JavaScript ES6,Web Development
Matplotlib Seaborn EDA Python,Data Science
Data Cleaning Feature Engineering Pandas Problem Solving,Data Science
Bootstrap CSS Tailwind Git Problem Solving,Web Development
Pandas Data Cleaning Feature Engineering Git,Data Science
Python SQL NumPy Statistics Pandas,Data Science
Bootstrap CSS Tailwind,Web Development
AI Research Inference Problem Solving,AI / Machine Learning
Neural Networks Computer Vision,AI / Machine Learning
Angular React Vue Git Problem Solving,Web Development
Neural Networks Computer Vision Git,AI / Machine Learning
GitHub Actions Jenkins CI CD Git,Cloud / DevOps
AI Research Inference,AI / Machine Learning
Logging Prometheus Monitoring Problem Solving,Cloud / DevOps
Data Analysis PowerBI Tableau Visualization,Data Science
PowerBI Visualization Data Analysis Tableau Git,Data Science
Shell Scripting Linux,Cloud / DevOps
CI CD GitHub Actions Jenkins Git,Cloud / DevOps
Shell Scripting Linux Problem Solving,Cloud / DevOps
Tailwind CSS Bootstrap,Web Development
JavaScript HTML React CSS Problem Solving,Web Development
Clustering Scikit Learn Classification Git,Data Science
TensorFlow PyTorch Deep Learning Git,AI / Machine Learning
Classification Machine Learning Python Regression Problem Solving,Data Science
System Design Architecture,Software Engineering
NLP Transformers BERT Problem Solving,AI / Machine Learning
Deep Learning TensorFlow PyTorch,AI / Machine Learning
Java REST API Spring Boot Git,Software Engineering
Infrastructure as Code Terraform,Cloud / DevOps
GitHub Actions Jenkins CI CD,Cloud / DevOps
DOM JavaScript ES6,Web Development
CI CD Jenkins GitHub Actions Problem Solving,Cloud / DevOps
System Design Architecture Git Problem Solving,Software Engineering
Vue Angular React Problem Solving,Web Development
OOP Design Patterns Clean Code,Software Engineering
Microservices Backend Git,Software Engineering
Infrastructure as Code Terraform,Cloud / DevOps
Design Patterns OOP Clean Code Problem Solving,Software Engineering
Infrastructure as Code Terraform Problem Solving,Cloud / DevOps
Feature Engineering Pandas Data Cleaning Git,Data Science
UI Frontend Responsive Design UX,Web Development
CI CD GitHub Actions Jenkins Problem Solving,Cloud / DevOps
ES6 JavaScript DOM,Web Development
Java REST API Spring Boot,Software Engineering
Monitoring Prometheus Logging Git,Cloud / DevOps
Tableau Visualization PowerBI Data Analysis Git,Data Science
JavaScript React HTML CSS Git,Web Development
Design Patterns OOP Clean Code Git,Software Engineering
AI Research Inference Git,AI / Machine Learning
Scikit Learn Clustering Classification Git,Data Science
TensorFlow Deep Learning PyTorch,AI / Machine Learning
Prometheus Monitoring Logging Problem Solving,Cloud / DevOps
Angular React Vue Git,Web Development
Data Analysis Tableau PowerBI Visualization,Data Science
Backend Microservices Problem Solving,Software Engineering
HTML React CSS JavaScript,Web Development
Tailwind Bootstrap CSS Git,Web Development
Linux Shell Scripting,Cloud / DevOps
AI Research Inference Git,AI / Machine Learning
Computer Vision Neural Networks,AI / Machine Learning
Microservices Backend Problem Solving,Software Engineering
CI CD GitHub Actions Jenkins Git,Cloud / DevOps
Microservices Backend,Software Engineering
Model Training Optimization Git Problem Solving,AI / Machine Learning
DOM ES6 JavaScript Git,Web Development
Model Training Optimization Git,AI / Machine Learning
Data Structures Algorithms,Software Engineering
CSS Bootstrap Tailwind Problem Solving,Web Development
Java REST API Spring Boot,Software Engineering
React Angular Vue Git,Web Development
PowerBI Visualization Data Analysis Tableau,Data Science
Vue Angular React Git,Web Development
HTML JavaScript React CSS Git,Web Development
JavaScript DOM ES6,Web Development
Model Training Optimization Problem Solving,AI / Machine Learning
JavaScript HTML CSS React Git,Web Development
Design Patterns OOP Clean Code,Software Engineering
Visualization PowerBI Data Analysis Tableau,Data Science
Scikit Learn Classification Clustering Git,Data Science
Matplotlib Seaborn Python EDA Git Problem Solving,Data Science
UI Responsive Design Frontend UX Problem Solving,Web Development
Bootstrap Tailwind CSS,Web Development
REST API Spring Boot Java Git,Software Engineering
NumPy Statistics Pandas Python SQL Problem Solving,Data Science
Clean Code Design Patterns OOP Problem Solving,Software Engineering
Optimization Model Training,AI / Machine Learning
Design Patterns OOP Clean Code Git,Software Engineering
Linux Shell Scripting,Cloud / DevOps
Algorithms Data Structures Git Problem Solving,Software Engineering
DOM ES6 JavaScript Git,Web Development
React Angular Vue Git,Web Development
Deep Learning TensorFlow PyTorch,AI / Machine Learning
JavaScript React CSS HTML Problem Solving,Web Development
Deep Learning PyTorch TensorFlow Problem Solving,AI / Machine Learning
Neural Networks Computer Vision Git,AI / Machine Learning
Computer Vision Neural Networks,AI / Machine Learning
Deep Learning PyTorch TensorFlow Git,AI / Machine Learning
Optimization Model Training Git,AI / Machine Learning
Shell Scripting Linux Git,Cloud / DevOps
Data Structures Algorithms,Software Engineering
Architecture System Design,Software Engineering
Infrastructure as Code Terraform,Cloud / DevOps
System Design Architecture,Software Engineering
Monitoring Prometheus Logging Git,Cloud / DevOps
Vue Angular React,Web Development
NumPy SQL Python Statistics Pandas,Data Science
Seaborn Python Matplotlib EDA,Data Science
Computer Vision Neural Networks,AI / Machine Learning
Microservices Backend,Software Engineering
Spring Boot REST API Java Problem Solving,Software Engineering
React JavaScript CSS HTML Git,Web Development
Microservices Backend Git,Software Engineering
Neural Networks Computer Vision Problem Solving,AI / Machine Learning
Monitoring Prometheus Logging Git,Cloud / DevOps
Angular Vue React,Web Development
Deep Learning PyTorch TensorFlow,AI / Machine Learning
Logging Monitoring Prometheus Problem Solving,Cloud / DevOps
Inference AI Research,AI / Machine Learning
Logging Prometheus Monitoring,Cloud / DevOps
Inference AI Research,AI / Machine Learning
Microservices Backend,Software Engineering
Shell Scripting Linux,Cloud / DevOps
JavaScript DOM ES6 Git,Web Development
React Vue Angular Problem Solving,Web Development
OOP Clean Code Design Patterns Git,Software Engineering
Clean Code Design Patterns OOP,Software Engineering
Transformers NLP BERT Git,AI / Machine Learning
Regression Python Classification Machine Learning Git,Data Science
Data Structures Algorithms Git Problem Solving,Software Engineering
DOM JavaScript ES6 Git Problem Solving,Web Development
Backend Microservices Git,Software Engineering
REST API Java Spring Boot Git,Software Engineering
Visualization PowerBI Data Analysis Tableau,Data Science
React Vue Angular,Web Development
Inference AI Research Git,AI / Machine Learning
OOP Design Patterns Clean Code,Software Engineering
AI Research Inference,AI / Machine Learning
Transformers BERT NLP,AI / Machine Learning
Computer Vision Neural Networks,AI / Machine Learning
Model Training Optimization Problem Solving,AI / Machine Learning
JavaScript DOM ES6,Web Development
Classification Clustering Scikit Learn,Data Science
Transformers NLP BERT Git,AI / Machine Learning
Machine Learning Python Classification Regression,Data Science
Angular Vue React,Web Development
Neural Networks Computer Vision Git,AI / Machine Learning
UX Frontend Responsive Design UI,Web Development
CI CD GitHub Actions Jenkins Git Problem Solving,Cloud / DevOps
Infrastructure as Code Terraform Git,Cloud / DevOps
Responsive Design UX UI Frontend,Web Development
Shell Scripting Linux Git,Cloud / DevOps
Architecture System Design,Software Engineering
Infrastructure as Code Terraform,Cloud / DevOps
Clustering Classification Scikit Learn,Data Science
Neural Networks Computer Vision,AI / Machine Learning
Classification Machine Learning Python Regression Problem Solving,Data Science
ES6 JavaScript DOM,Web Development
Logging Prometheus Monitoring,Cloud / DevOps
OOP Clean Code Design Patterns,Software Engineering
ES6 JavaScript DOM,Web Development
Feature Engineering Pandas Data Cleaning Git,Data Science
Data Cleaning Pandas Feature Engineering,Data Science
Scikit Learn Classification Clustering,Data Science
Design Patterns OOP Clean Code,Software Engineering
Tailwind CSS Bootstrap Git Problem Solving,Web Development
Shell Scripting Linux,Cloud / DevOps
Linux Shell Scripting Git,Cloud / DevOps
OOP Design Patterns Clean Code Git,Software Engineering
Responsive Design UX UI Frontend,Web Development
Tableau Data Analysis Visualization PowerBI,Data Science
Logging Monitoring Prometheus Git,Cloud / DevOps
Prometheus Logging Monitoring Git,Cloud / DevOps
Shell Scripting Linux Git,Cloud / DevOps
System Design Architecture Git,Software Engineering
NumPy SQL Statistics Pandas Python,Data Science
Shell Scripting Linux Git,Cloud / DevOps
System Design Architecture Git,Software Engineering
Linux Shell Scripting,Cloud / DevOps
AI Research Inference Git,AI / Machine Learning
Python NumPy Statistics SQL Pandas Problem Solving,Data Science
GitHub Actions Jenkins CI CD,Cloud / DevOps
Transformers BERT NLP,AI / Machine Learning
Tailwind Bootstrap CSS Git Problem Solving,Web Development
REST API Java Spring Boot Git,Software Engineering
PyTorch TensorFlow Deep Learning,AI / Machine Learning
Algorithms Data Structures Git,Software Engineering
Microservices Backend,Software Engineering
CSS Bootstrap Tailwind,Web Development
Data Structures Algorithms,Software Engineering
Pandas SQL NumPy Statistics Python Problem Solving,Data Science
Regression Python Classification Machine Learning Git,Data Science
Seaborn Matplotlib Python EDA Git Problem Solving,Data Science
Terraform Infrastructure as Code Git Problem Solving,Cloud / DevOps
Algorithms Data Structures,Software Engineering
Inference AI Research Git,AI / Machine Learning
Pandas NumPy Statistics SQL Python,Data Science
Infrastructure as Code Terraform,Cloud / DevOps
Design Patterns Clean Code OOP,Software Engineering
Terraform Infrastructure as Code,Cloud / DevOps
Infrastructure as Code Terraform Git Problem Solving,Cloud / DevOps
REST API Java Spring Boot Git,Software Engineering
BERT NLP Transformers Git,AI / Machine Learning
JavaScript DOM ES6 Git,Web Development
Classification Clustering Scikit Learn,Data Science
Angular Vue React Problem Solving,Web Development
React Angular Vue Git Problem Solving,Web Development
PowerBI Data Analysis Tableau Visualization,Data Science
Visualization Data Analysis Tableau PowerBI Git,Data Science
Logging Prometheus Monitoring Git,Cloud / DevOps
Python Classification Regression Machine Learning,Data Science
CSS HTML JavaScript React Git,Web Development
Classification Scikit Learn Clustering Git,Data Science
TensorFlow Deep Learning PyTorch Git,AI / Machine Learning
Optimization Model Training Git,AI / Machine Learning
REST API Java Spring Boot Git,Software Engineering
Prometheus Logging Monitoring Git,Cloud / DevOps
Optimization Model Training Git,AI / Machine Learning
OOP Design Patterns Clean Code Problem Solving,Software Engineering
Java Spring Boot REST API Git,Software Engineering
Microservices Backend Git,Software Engineering
Jenkins CI CD GitHub Actions Git,Cloud / DevOps
PyTorch Deep Learning TensorFlow Git Problem Solving,AI / Machine Learning
Shell Scripting Linux Git,Cloud / DevOps
NLP Transformers BERT,AI / Machine Learning
Transformers NLP BERT Git,AI / Machine Learning
Kubernetes AWS Docker Git,Cloud / DevOps
Shell Scripting Linux Git,Cloud / DevOps
OOP Design Patterns Clean Code Git Problem Solving,Software Engineering
Java Spring Boot REST API Problem Solving,Software Engineering
Data Analysis Tableau Visualization PowerBI Git,Data Science
Architecture System Design,Software Engineering
Backend Microservices,Software Engineering
Logging Monitoring Prometheus Git,Cloud / DevOps
Kubernetes AWS Docker,Cloud / DevOps
JavaScript React CSS HTML Git Problem Solving,Web Development
Regression Python Machine Learning Classification,Data Science
SQL Pandas NumPy Python Statistics,Data Science
Clustering Classification Scikit Learn Git,Data Science
React Vue Angular,Web Development
Spring Boot Java REST API,Software Engineering
Clustering Classification Scikit Learn,Data Science
Kubernetes AWS Docker,Cloud / DevOps
Bootstrap CSS Tailwind Git Problem Solving,Web Development
NLP BERT Transformers Git,AI / Machine Learning
Classification Scikit Learn Clustering,Data Science
Optimization Model Training Problem Solving,AI / Machine Learning
Shell Scripting Linux,Cloud / DevOps
Infrastructure as Code Terraform,Cloud / DevOps
Scikit Learn Classification Clustering Git Problem Solving,Data Science
CI CD GitHub Actions Jenkins,Cloud / DevOps
JavaScript CSS HTML React Git Problem Solving,Web Development
GitHub Actions CI CD Jenkins,Cloud / DevOps
Backend Microservices Git,Software Engineering
BERT NLP Transformers Git,AI / Machine Learning
TensorFlow PyTorch Deep Learning,AI / Machine Learning
Tailwind CSS Bootstrap Problem Solving,Web Development
Monitoring Logging Prometheus Problem Solving,Cloud / DevOps
Model Training Optimization Git,AI / Machine Learning
Monitoring Prometheus Logging Git,Cloud / DevOps
Kubernetes AWS Docker Git Problem Solving,Cloud / DevOps
Clustering Classification Scikit Learn Git Problem Solving,Data Science
Python Seaborn EDA Matplotlib,Data Science
Algorithms Data Structures Git,Software Engineering
Backend Microservices,Software Engineering
Optimization Model Training,AI / Machine Learning
Backend Microservices Git,Software Engineering
Data Structures Algorithms,Software Engineering
Tableau Data Analysis Visualization PowerBI,Data Science
SQL Python NumPy Pandas Statistics Git,Data Science
NLP Transformers BERT,AI / Machine Learning
Java REST API Spring Boot,Software Engineering
Monitoring Prometheus Logging,Cloud / DevOps
Statistics Pandas SQL NumPy Python,Data Science
Linux Shell Scripting Problem Solving,Cloud / DevOps
Spring Boot REST API Java Git,Software Engineering
Docker AWS Kubernetes Git,Cloud / DevOps
Data Structures Algorithms Git,Software Engineering
Shell Scripting Linux Git Problem Solving,Cloud / DevOps
AI Research Inference Git,AI / Machine Learning
Monitoring Logging Prometheus,Cloud / DevOps
Infrastructure as Code Terraform,Cloud / DevOps
JavaScript DOM ES6 Git,Web Development
ES6 JavaScript DOM,Web Development
DOM JavaScript ES6 Git,Web Development
NLP Transformers BERT Git,AI / Machine Learning
CSS Tailwind Bootstrap,Web Development
Computer Vision Neural Networks,AI / Machine Learning
ES6 DOM JavaScript Problem Solving,Web Development
Neural Networks Computer Vision Git,AI / Machine Learning
Microservices Backend Git,Software Engineering
UX UI Responsive Design Frontend Problem Solving,Web Development
PyTorch TensorFlow Deep Learning,AI / Machine Learning
Clustering Scikit Learn Classification Git Problem Solving,Data Science
Backend Microservices Git,Software Engineering
Scikit Learn Clustering Classification,Data Science
CSS JavaScript React HTML Git,Web Development
CI CD Jenkins GitHub Actions,Cloud / DevOps
AI Research Inference Git Problem Solving,AI / Machine Learning
React CSS JavaScript HTML,Web Development
