text,role
Database Integration Git,Backend Developer
HTML Node JavaScript CSS Problem Solving,Full Stack Developer
Feature Engineering Model Evaluation Git,Data Scientist
Database Integration Git,Backend Developer
Data Visualization,Data Analyst
PowerBI Reporting Problem Solving,Data Analyst
Algorithms Data Structures Problem Solving,Software Engineer
Data Visualization,Data Analyst
CSS Node HTML JavaScript Git,Full Stack Developer
PyTorch TensorFlow ML Pipelines,Machine Learning Engineer
Classification Clustering,Data Scientist
Kubernetes AWS Docker Git,DevOps Engineer
Reporting PowerBI Problem Solving,Data Analyst
Excel SQL Tableau Problem Solving,Data Analyst
Scaling Model Deployment Git,Machine Learning Engineer
Feature Engineering Model Evaluation Git,Data Scientist
Frontend Backend Integration Git Problem Solving,Full Stack Developer
AWS Docker Kubernetes Problem Solving,DevOps Engineer
Spring Boot REST API Java Problem Solving,Backend Developer
Docker AWS Kubernetes Problem Solving,DevOps Engineer
PowerBI Reporting,Data Analyst
Pandas ML Statistics Python Problem Solving,Data Scientist
Automation CI CD,DevOps Engineer
HTML Node CSS JavaScript Git,Full Stack Developer
Clustering Classification,Data Scientist
Docker Kubernetes AWS,DevOps Engineer
TensorFlow ML Pipelines PyTorch Git,Machine Learning Engineer
REST API Spring Boot Java Git,Backend Developer
Frontend Backend Integration Problem Solving,Full Stack Developer
Model Deployment Scaling Problem Solving,Machine Learning Engineer
Automation CI CD,DevOps Engineer
Responsive Design UI Development Problem Solving,Frontend Developer
Frontend Backend Integration,Full Stack Developer
Tableau Excel SQL Problem Solving,Data Analyst
REST API Spring Boot Java Problem Solving,Backend Developer
Scaling Model Deployment Problem Solving,Machine Learning Engineer
Scaling Model Deployment,Machine Learning Engineer
System Design Git,Software Engineer
Responsive Design UI Development Git,Frontend Developer
Feature Engineering,Machine Learning Engineer
Docker Kubernetes AWS Problem Solving,DevOps Engineer
Reporting PowerBI,Data Analyst
PowerBI Reporting,Data Analyst
Model Evaluation Feature Engineering Problem Solving,Data Scientist
Data Visualization,Data Analyst
Automation CI CD,DevOps Engineer
Scaling Model Deployment,Machine Learning Engineer
JavaScript React HTML CSS,Frontend Developer
Model Evaluation Feature Engineering Git,Data Scientist
UI Development Responsive Design,Frontend Developer
Feature Engineering Model Evaluation Problem Solving,Data Scientist
System Design,Software Engineer
System Design Git Problem Solving,Software Engineer
Excel SQL Tableau,Data Analyst
Kubernetes AWS Docker,DevOps Engineer
Feature Engineering Model Evaluation,Data Scientist
Spring Boot REST API Java Git,Backend Developer
UI Development Responsive Design Git,Frontend Developer
Classification Clustering,Data Scientist
React CSS HTML JavaScript,Frontend Developer
Scaling Model Deployment Problem Solving,Machine Learning Engineer
HTML JavaScript CSS Node,Full Stack Developer
Node HTML JavaScript CSS,Full Stack Developer
PowerBI Reporting Problem Solving,Data Analyst
PyTorch TensorFlow ML Pipelines,Machine Learning Engineer
Pandas ML Statistics Python,Data Scientist
Docker Kubernetes AWS Git,DevOps Engineer
Frontend Backend Integration Problem Solving,Full Stack Developer
CI CD Automation,DevOps Engineer
PowerBI Reporting Git,Data Analyst
Data Structures Algorithms Git,Software Engineer
Feature Engineering Git,Machine Learning Engineer
Feature Engineering Model Evaluation,Data Scientist
Python Statistics Pandas ML Problem Solving,Data Scientist
Automation CI CD Git Problem Solving,DevOps Engineer
Java REST API Spring Boot Git Problem Solving,Backend Developer
Database Integration Git,Backend Developer
Kubernetes Docker AWS Git,DevOps Engineer
HTML CSS React JavaScript Problem Solving,Frontend Developer
Frontend Backend Integration,Full Stack Developer
Python Pandas ML Statistics Problem Solving,Data Scientist
ML Python Statistics Pandas Git,Data Scientist
Spring Boot Java REST API,Backend Developer
Frontend Backend Integration,Full Stack Developer
Node JavaScript CSS HTML Problem Solving,Full Stack Developer
PowerBI Reporting Git,Data Analyst
Database Integration Git,Backend Developer
Algorithms Data Structures,Software Engineer
ML Pipelines PyTorch TensorFlow,Machine Learning Engineer
Data Visualization,Data Analyst
REST API Spring Boot Java,Backend Developer
System Design Git,Software Engineer
TensorFlow PyTorch ML Pipelines Git,Machine Learning Engineer
REST API Java Spring Boot,Backend Developer
UI Development Responsive Design,Frontend Developer
System Design,Software Engineer
CI CD Automation Problem Solving,DevOps Engineer
CI CD Automation Problem Solving,DevOps Engineer
Java Spring Boot REST API,Backend Developer
Excel SQL Tableau,Data Analyst
Java Spring Boot REST API Problem Solving,Backend Developer
Feature Engineering Problem Solving,Machine Learning Engineer
Feature Engineering Model Evaluation Git Problem Solving,Data Scientist
Reporting PowerBI Git Problem Solving,Data Analyst
CSS React JavaScript HTML,Frontend Developer
Clustering Classification Git,Data Scientist
ML Statistics Pandas Python,Data Scientist
Model Deployment Scaling,Machine Learning Engineer
Docker AWS Kubernetes,DevOps Engineer
System Design Problem Solving,Software Engineer
Feature Engineering,Machine Learning Engineer
CI CD Automation,DevOps Engineer
Frontend Backend Integration Problem Solving,Full Stack Developer
Kubernetes Docker AWS Git,DevOps Engineer
JavaScript Node CSS HTML,Full Stack Developer
Excel SQL Tableau,Data Analyst
PowerBI Reporting Git,Data Analyst
Frontend Backend Integration Problem Solving,Full Stack Developer
Data Structures Algorithms,Software Engineer
JavaScript Node HTML CSS Git,Full Stack Developer
React HTML JavaScript CSS,Frontend Developer
TensorFlow PyTorch ML Pipelines Git,Machine Learning Engineer
Feature Engineering Model Evaluation,Data Scientist
System Design Git,Software Engineer
Classification Clustering,Data Scientist
UI Development Responsive Design,Frontend Developer
Kubernetes Docker AWS Git,DevOps Engineer
System Design Problem Solving,Software Engineer
UI Development Responsive Design,Frontend Developer
Database Integration,Backend Developer
Algorithms Data Structures,Software Engineer
Scaling Model Deployment Git Problem Solving,Machine Learning Engineer
Frontend Backend Integration Problem Solving,Full Stack Developer
Responsive Design UI Development Git,Frontend Developer
ML Pipelines TensorFlow PyTorch Problem Solving,Machine Learning Engineer
UI Development Responsive Design Problem Solving,Frontend Developer
Java REST API Spring Boot,Backend Developer
HTML JavaScript Node CSS Git Problem Solving,Full Stack Developer
Java REST API Spring Boot Git,Backend Developer
Algorithms Data Structures Problem Solving,Software Engineer
ML Python Statistics Pandas,Data Scientist
Model Deployment Scaling,Machine Learning Engineer
Frontend Backend Integration Git Problem Solving,Full Stack Developer
UI Development Responsive Design,Frontend Developer
Responsive Design UI Development Git,Frontend Developer
CSS JavaScript Node HTML Git,Full Stack Developer
Data Visualization Git,Data Analyst
Model Deployment Scaling,Machine Learning Engineer
Responsive Design UI Development Git,Frontend Developer
CI CD Automation Git Problem Solving,DevOps Engineer
Clustering Classification,Data Scientist
Data Structures Algorithms,Software Engineer
Frontend Backend Integration Git,Full Stack Developer
HTML JavaScript CSS React,Frontend Developer
Feature Engineering Model Evaluation Problem Solving,Data Scientist
JavaScript HTML CSS React,Frontend Developer
Feature Engineering,Machine Learning Engineer
Tableau Excel SQL,Data Analyst
System Design,Software Engineer
Docker AWS Kubernetes Git,DevOps Engineer
AWS Docker Kubernetes Git,DevOps Engineer
Database Integration,Backend Developer
JavaScript HTML Node CSS Git Problem Solving,Full Stack Developer
Responsive Design UI Development,Frontend Developer
Docker Kubernetes AWS Problem Solving,DevOps Engineer
Excel SQL Tableau Git,Data Analyst
CI CD Automation,DevOps Engineer
UI Development Responsive Design,Frontend Developer
Feature Engineering,Machine Learning Engineer
Java REST API Spring Boot,Backend Developer
Data Visualization Git Problem Solving,Data Analyst
Tableau SQL Excel Git Problem Solving,Data Analyst
Feature Engineering,Machine Learning Engineer
SQL Excel Tableau Git Problem Solving,Data Analyst
Feature Engineering Problem Solving,Machine Learning Engineer
System Design Git,Software Engineer
Excel Tableau SQL,Data Analyst
Database Integration Git,Backend Developer
Data Visualization,Data Analyst
Statistics ML Pandas Python Git,Data Scientist
Model Evaluation Feature Engineering Git,Data Scientist
Model Deployment Scaling,Machine Learning Engineer
PyTorch ML Pipelines TensorFlow,Machine Learning Engineer
HTML CSS React JavaScript,Frontend Developer
Data Visualization,Data Analyst
CSS HTML JavaScript React Git,Frontend Developer
Data Structures Algorithms Git,Software Engineer
Database Integration,Backend Developer
Data Structures Algorithms Git,Software Engineer
HTML React JavaScript CSS Problem Solving,Frontend Developer
Scaling Model Deployment,Machine Learning Engineer
TensorFlow ML Pipelines PyTorch,Machine Learning Engineer
CI CD Automation,DevOps Engineer
SQL Excel Tableau,Data Analyst
Data Structures Algorithms,Software Engineer
System Design,Software Engineer
Algorithms Data Structures,Software Engineer
AWS Kubernetes Docker Git,DevOps Engineer
Algorithms Data Structures,Software Engineer
Data Structures Algorithms,Software Engineer
JavaScript HTML React CSS Git Problem Solving,Frontend Developer
Database Integration Problem Solving,Backend Developer
Frontend Backend Integration,Full Stack Developer
Database Integration,Backend Developer
CSS HTML Node JavaScript,Full Stack Developer
Model Deployment Scaling,Machine Learning Engineer
Classification Clustering,Data Scientist
Feature Engineering Model Evaluation,Data Scientist
Algorithms Data Structures Git Problem Solving,Software Engineer
UI Development Responsive Design,Frontend Developer
Java REST API Spring Boot Git Problem Solving,Backend Developer
Feature Engineering Git,Machine Learning Engineer
CSS JavaScript HTML React,Frontend Developer
System Design,Software Engineer
Node HTML CSS JavaScript,Full Stack Developer
Scaling Model Deployment Git,Machine Learning Engineer
CI CD Automation,DevOps Engineer
JavaScript Node CSS HTML Git,Full Stack Developer
Kubernetes Docker AWS Problem Solving,DevOps Engineer
Frontend Backend Integration,Full Stack Developer
Kubernetes Docker AWS Git Problem Solving,DevOps Engineer
HTML React CSS JavaScript Git Problem Solving,Frontend Developer
Frontend Backend Integration Git,Full Stack Developer
Scaling Model Deployment,Machine Learning Engineer
HTML JavaScript CSS React,Frontend Developer
Responsive Design UI Development,Frontend Developer
Responsive Design UI Development,Frontend Developer
CI CD Automation Git,DevOps Engineer
Clustering Classification Git,Data Scientist
Spring Boot Java REST API,Backend Developer
Feature Engineering Problem Solving,Machine Learning Engineer
Database Integration,Backend Developer
Database Integration,Backend Developer
Feature Engineering Model Evaluation,Data Scientist
TensorFlow PyTorch ML Pipelines,Machine Learning Engineer
CI CD Automation Problem Solving,DevOps Engineer
REST API Java Spring Boot,Backend Developer
Automation CI CD Git Problem Solving,DevOps Engineer
Kubernetes AWS Docker Git,DevOps Engineer
CI CD Automation Git,DevOps Engineer
Kubernetes AWS Docker Problem Solving,DevOps Engineer
Scaling Model Deployment,Machine Learning Engineer
Excel SQL Tableau Git Problem Solving,Data Analyst
System Design,Software Engineer
Feature Engineering Model Evaluation Git,Data Scientist
Reporting PowerBI Problem Solving,Data Analyst
Docker Kubernetes AWS Git,DevOps Engineer
ML Pipelines PyTorch TensorFlow Git,Machine Learning Engineer
Spring Boot Java REST API,Backend Developer
HTML Node JavaScript CSS Git Problem Solving,Full Stack Developer
Feature Engineering Problem Solving,Machine Learning Engineer
REST API Java Spring Boot Git,Backend Developer
React JavaScript HTML CSS Git Problem Solving,Frontend Developer
Frontend Backend Integration,Full Stack Developer
Statistics Pandas ML Python,Data Scientist
AWS Kubernetes Docker Git Problem Solving,DevOps Engineer
Data Visualization Problem Solving,Data Analyst
Data Visualization Git,Data Analyst
Spring Boot Java REST API Problem Solving,Backend Developer
UI Development Responsive Design,Frontend Developer
JavaScript HTML CSS React Git Problem Solving,Frontend Developer
Classification Clustering,Data Scientist
Feature Engineering Model Evaluation Git Problem Solving,Data Scientist
Model Evaluation Feature Engineering,Data Scientist
Responsive Design UI Development Git Problem Solving,Frontend Developer
Feature Engineering Problem Solving,Machine Learning Engineer
Data Structures Algorithms Git,Software Engineer
HTML Node CSS JavaScript Git,Full Stack Developer
REST API Spring Boot Java,Backend Developer
Data Visualization Problem Solving,Data Analyst
PowerBI Reporting,Data Analyst
Database Integration Git,Backend Developer
Frontend Backend Integration Git,Full Stack Developer
Algorithms Data Structures Problem Solving,Software Engineer
React CSS HTML JavaScript Problem Solving,Frontend Developer
Statistics Pandas Python ML,Data Scientist
Data Structures Algorithms,Software Engineer
Java REST API Spring Boot Git,Backend Developer
Frontend Backend Integration,Full Stack Developer
Algorithms Data Structures Problem Solving,Software Engineer
Feature Engineering Model Evaluation Git,Data Scientist
Frontend Backend Integration,Full Stack Developer
Kubernetes AWS Docker,DevOps Engineer
Feature Engineering,Machine Learning Engineer
Database Integration,Backend Developer
Data Structures Algorithms Problem Solving,Software Engineer
Java REST API Spring Boot,Backend Developer
Responsive Design UI Development,Frontend Developer
PowerBI Reporting,Data Analyst
Java REST API Spring Boot,Backend Developer
Data Visualization Git Problem Solving,Data Analyst
Classification Clustering Git,Data Scientist
Clustering Classification Git,Data Scientist
Frontend Backend Integration Git,Full Stack Developer
Database Integration,Backend Developer
Automation CI CD Git,DevOps Engineer
Classification Clustering,Data Scientist
System Design Git,Software Engineer
REST API Java Spring Boot,Backend Developer
JavaScript HTML Node CSS,Full Stack Developer
Node CSS JavaScript HTML Git,Full Stack Developer
React HTML CSS JavaScript,Frontend Developer
AWS Docker Kubernetes Git,DevOps Engineer
Scaling Model Deployment,Machine Learning Engineer
SQL Excel Tableau,Data Analyst
Feature Engineering Git,Machine Learning Engineer
Scaling Model Deployment,Machine Learning Engineer
Model Evaluation Feature Engineering,Data Scientist
PowerBI Reporting,Data Analyst
Data Structures Algorithms,Software Engineer
Feature Engineering Model Evaluation Git,Data Scientist
JavaScript React CSS HTML Git,Frontend Developer
Clustering Classification,Data Scientist
CI CD Automation,DevOps Engineer
Algorithms Data Structures Git,Software Engineer
Database Integration Git Problem Solving,Backend Developer
CSS JavaScript Node HTML Problem Solving,Full Stack Developer
Algorithms Data Structures Problem Solving,Software Engineer
Spring Boot REST API Java Git Problem Solving,Backend Developer
Spring Boot REST API Java,Backend Developer
Java Spring Boot REST API,Backend Developer
Frontend Backend Integration Git Problem Solving,Full Stack Developer
CI CD Automation,DevOps Engineer
Frontend Backend Integration Git,Full Stack Developer
CI CD Automation,DevOps Engineer
Automation CI CD Problem Solving,DevOps Engineer
System Design,Software Engineer
HTML Node JavaScript CSS Git,Full Stack Developer
REST API Java Spring Boot,Backend Developer
CSS HTML React JavaScript Problem Solving,Frontend Developer
ML Python Statistics Pandas,Data Scientist
Spring Boot Java REST API,Backend Developer
Responsive Design UI Development Git Problem Solving,Frontend Developer
System Design Git,Software Engineer
HTML Node JavaScript CSS Git,Full Stack Developer
PyTorch TensorFlow ML Pipelines Problem Solving,Machine Learning Engineer
Data Visualization Problem Solving,Data Analyst
Python Pandas Statistics ML,Data Scientist
ML Statistics Pandas Python Git,Data Scientist
Reporting PowerBI,Data Analyst
Java REST API Spring Boot Git,Backend Developer
Statistics Pandas Python ML Git,Data Scientist
JavaScript HTML CSS Node,Full Stack Developer
Tableau Excel SQL,Data Analyst
System Design,Software Engineer
Data Visualization Git,Data Analyst
System Design Git Problem Solving,Software Engineer
CSS JavaScript Node HTML Git Problem Solving,Full Stack Developer
Database Integration,Backend Developer
Classification Clustering Git,Data Scientist
System Design Problem Solving,Software Engineer
Data Visualization Git,Data Analyst
Node HTML CSS JavaScript,Full Stack Developer
CSS React HTML JavaScript,Frontend Developer
System Design Problem Solving,Software Engineer
CI CD Automation Git Problem Solving,DevOps Engineer
Model Deployment Scaling Problem Solving,Machine Learning Engineer
Algorithms Data Structures Problem Solving,Software Engineer
AWS Kubernetes Docker Git,DevOps Engineer
System Design,Software Engineer
REST API Spring Boot Java Git,Backend Developer
Excel Tableau SQL,Data Analyst
Data Visualization,Data Analyst
React CSS HTML JavaScript,Frontend Developer
HTML CSS JavaScript React Git Problem Solving,Frontend Developer
Automation CI CD,DevOps Engineer
HTML CSS JavaScript React Git Problem Solving,Frontend Developer
HTML JavaScript React CSS,Frontend Developer
Data Visualization,Data Analyst
Pandas Python Statistics ML Git,Data Scientist
Data Structures Algorithms Git,Software Engineer
Database Integration,Backend Developer
Frontend Backend Integration,Full Stack Developer
Python ML Pandas Statistics Git,Data Scientist
Algorithms Data Structures,Software Engineer
UI Development Responsive Design,Frontend Developer
Frontend Backend Integration,Full Stack Developer
UI Development Responsive Design,Frontend Developer
Frontend Backend Integration,Full Stack Developer
System Design Git Problem Solving,Software Engineer
Frontend Backend Integration Git,Full Stack Developer
Data Structures Algorithms,Software Engineer
Feature Engineering,Machine Learning Engineer
Scaling Model Deployment Git,Machine Learning Engineer
HTML JavaScript React CSS Problem Solving,Frontend Developer
Docker Kubernetes AWS Git,DevOps Engineer
PowerBI Reporting,Data Analyst
Kubernetes AWS Docker Git,DevOps Engineer
Reporting PowerBI Git,Data Analyst
Algorithms Data Structures Git Problem Solving,Software Engineer
Spring Boot Java REST API Git Problem Solving,Backend Developer
TensorFlow ML Pipelines PyTorch,Machine Learning Engineer
Docker Kubernetes AWS,DevOps Engineer
Model Evaluation Feature Engineering,Data Scientist
UI Development Responsive Design,Frontend Developer
Data Visualization Git Problem Solving,Data Analyst
Feature Engineering Git,Machine Learning Engineer
HTML CSS JavaScript Node,Full Stack Developer
System Design Git,Software Engineer
Feature Engineering,Machine Learning Engineer
